index,year,state,commodity_name,refed_food_department,refed_food_category,acres_planted,acres_harvested,us_dollars_harvested,tons_harvested,percent_maturity
2852,2018,,,,,8000.0,8000.0,2366000.0,800.0,0.5
2853,2018,,,,,165000.0,161000.0,114566000.0,285775.0,0.5
2854,2018,,,,,17000.0,17000.0,52173000.0,13950.0,0.5
2855,2018,,,,,26000.0,23000.0,21850000.0,56350.0,0.5
2856,2018,,,,,1090000.0,1090000.0,5602500000.0,1140000.0,0.5
2857,2018,,,,,264000.0,264000.0,2615550000.0,493500.0,0.5
2858,2018,,,,,350000.0,350000.0,916650000.0,679000.0,0.5
2859,2018,,,,,3500.0,3500.0,7400000.0,1850.0,0.5
2860,2018,,,,,155000.0,143000.0,104328000.0,282425.0,0.5
2861,2018,,,,,120000.0,120000.0,113400000.0,35000.0,0.5
2862,2018,,,,,665000.0,655000.0,592963000.0,1437725.0,0.5
2863,2018,,,,,16900.0,16900.0,42007000.0,17650.0,0.5
2864,2018,,,,,13400.0,13400.0,5954000.0,3015.0,0.5
2865,2018,,,,,25000.0,24000.0,19392000.0,46800.0,0.5
2866,2018,,,,,45000.0,45000.0,169290000.0,44550.0,0.5
2867,2018,,,,,5500.0,5500.0,4818000.0,7837.5,0.5
2868,2018,,,,,102000.0,98000.0,87906000.0,189630.0,0.5
2869,2018,,,,,90000.0,90000.0,14884000.0,4500.0,0.5
2870,2018,,,,,16000.0,15000.0,10881000.0,23025.0,0.5
2871,2018,,,,,44000.0,44000.0,91800000.0,52000.0,0.5
2872,2018,,,,,87000.0,80000.0,59384000.0,136000.0,0.5
2873,2018,,,,,112000.0,112000.0,56064000.0,16800.0,0.5
2874,2018,,,,,155000.0,145000.0,131588000.0,232000.0,0.5
2875,2018,,,,,24000.0,24000.0,22277000.0,50400.0,0.5
2876,2018,,,,,37500.0,37500.0,40523000.0,53600.0,0.5
2877,2018,,,,,12400.0,12400.0,66047000.0,124000.0,0.5
2878,2018,,,,,32000.0,32000.0,285104000.0,517500.0,0.5
2879,2018,,,,,42000.0,42000.0,262345000.0,697500.0,0.5
2880,2018,,,,,5000.0,5000.0,55180000.0,85000.0,0.5
2881,2018,,,,,19500.0,19500.0,107637000.0,244000.0,0.5
2882,2018,,,,,9700.0,9700.0,37256000.0,102000.0,0.5
2883,2018,,,,,170000.0,170000.0,2140650000.0,3350000.0,0.5
2884,2018,,,,,9600.0,9600.0,38055000.0,31700.0,0.5
2885,2018,,,,,1000.0,1000.0,9414000.0,7850.0,0.5
2886,2018,,,,,6900.0,6900.0,63032000.0,50025.0,0.5
2887,2018,,,,,6200.0,6000.0,26552000.0,9000.0,0.5
2888,2018,,,,,10000.0,9500.0,23275000.0,13300.0,0.5
2889,2018,,,,,2200.0,2100.0,11562000.0,3465.0,0.5
2890,2018,,,,,4500.0,4100.0,26195000.0,13325.0,0.5
2891,2018,,,,,47000.0,47000.0,388170000.0,171000.0,0.5
2892,2018,,,,,5800.0,5800.0,15568000.0,13900.0,0.5
2893,2018,,,,,840.0,840.0,1774800.0,870.0,0.5
2894,2018,,,,,13600.0,13500.0,210007000.0,303750.0,0.5
2895,2018,,,,,12400.0,11900.0,180642000.0,178500.0,0.5
2896,2018,,,,,3400.0,3200.0,40110000.0,42400.0,0.5
2897,2018,,,,,2100.0,2000.0,18220000.0,24000.0,0.5
2898,2018,,,,,3500.0,3400.0,39726000.0,46750.0,0.5
2899,2018,,,,,1600.0,1400.0,8455000.0,7700.0,0.5
2900,2018,,,,,2300.0,2000.0,15685000.0,20000.0,0.5
2901,2018,,,,,1500.0,1400.0,12040000.0,14000.0,0.5
2902,2018,,,,,1200.0,900.0,8422000.0,7650.0,0.5
2903,2018,,,,,6600.0,6600.0,139755000.0,32450.0,0.5
2904,2018,,,,,5200.0,5200.0,60404000.0,10250.0,0.5
2905,2018,,,,,13300.0,13300.0,87258000.0,27250.0,0.5
2906,2018,,,,,18800.0,18800.0,23815000.0,25200.0,0.5
2907,2018,,,,,19700.0,19700.0,70226000.0,35050.0,0.5
2908,2018,,,,,9000.0,9000.0,62441000.0,22250.0,0.5
2909,2018,,,,,7500.0,7500.0,57304000.0,16900.0,0.5
2910,2018,,,,,13500.0,13500.0,180730000.0,68750.0,0.5
2911,2018,,,,,14400.0,14400.0,139177000.0,68250.0,0.5
2912,2018,,,,,10900.0,10900.0,59122000.0,65400.0,0.5
2913,2018,,,,,104000.0,103000.0,679405000.0,798250.0,0.5
2914,2018,,,,,3300.0,3300.0,33495000.0,82500.0,0.5
2915,2018,,,,,14700.0,14200.0,181533000.0,241400.0,0.5
2916,2018,,,,,9300.0,8900.0,62806000.0,160200.0,0.5
2917,2018,,,,,4300.0,2900.0,14845000.0,58000.0,0.5
2918,2018,,,,,3800.0,3700.0,14327000.0,64750.0,0.5
2919,2018,,,,,11000.0,10100.0,52862000.0,196950.0,0.5
2920,2018,,,,,3000.0,2800.0,10120000.0,32200.0,0.5
2921,2018,,,,,5500.0,5000.0,27405000.0,67500.0,0.5
2922,2018,,,,,3400.0,3300.0,10698000.0,66825.0,0.5
2923,2018,,,,,16400.0,16300.0,86977000.0,187450.0,0.5
2924,2018,,,,,32000.0,31500.0,187819000.0,417375.0,0.5
2925,2018,,,,,1800.0,1700.0,8606000.0,19125.0,0.5
2926,2018,,,,,1300.0,1200.0,4544000.0,15300.0,0.5
2927,2018,,,,,1000.0,900.0,4148000.0,5400.0,0.5
2928,2018,,,,,2100.0,2000.0,5060000.0,11000.0,0.5
2929,2018,,,,,64800.0,64300.0,687631000.0,1929000.0,0.5
2930,2018,,,,,4200.0,4000.0,14456000.0,76000.0,0.5
2931,2018,,,,,1700.0,1600.0,3785000.0,20000.0,0.5
2932,2018,,,,,6000.0,5900.0,19982000.0,182900.0,0.5
2933,2018,,,,,4100.0,4000.0,7092000.0,86000.0,0.5
2934,2018,,,,,6100.0,6100.0,79739000.0,57950.0,0.5
2935,2018,,,,,39000.0,38800.0,354752000.0,417100.0,0.5
2936,2018,,,,,28400.0,28300.0,417347000.0,820700.0,0.5
2937,2018,,,,,2000.0,1900.0,19471000.0,55100.0,0.5
2938,2018,,,,,32000.0,32000.0,140395000.0,44800.0,0.5
2939,2018,,,,,26500.0,26500.0,37936000.0,100500.0,0.5
2940,2018,,,,,13000.0,13000.0,70835000.0,54600.0,0.5
2941,2018,,,,,3100.0,3100.0,9102000.0,22500.0,0.5
2942,2018,,,,,40000.0,40000.0,426470000.0,245000.0,0.5
2943,2018,,,,,1500.0,1500.0,1928000.0,5450.0,0.5
2944,2018,,,,,1100.0,1100.0,2660000.0,3300.0,0.5
2945,2018,,,,,2700.0,2700.0,29468000.0,51975.0,0.5
2946,2018,,,,,8400.0,7900.0,53766000.0,71100.0,0.5
2947,2018,,,,,2700.0,2500.0,8873000.0,6875.0,0.5
2948,2018,,,,,12700.0,12700.0,60916000.0,114500.0,0.5
2949,2018,,,,,3100.0,3100.0,14886000.0,25600.0,0.5
2950,2018,,,,,2800.0,2800.0,15101000.0,28950.0,0.5
2951,2018,,,,,20700.0,20700.0,154859000.0,277250.0,0.5
2952,2018,,,,,6000.0,5900.0,15379000.0,30975.0,0.5
2953,2018,,,,,8100.0,8100.0,33781000.0,83025.0,0.5
2954,2018,,,,,25000.0,24900.0,118524000.0,211650.0,0.5
2955,2018,,,,,10200.0,9400.0,35212000.0,70500.0,0.5
2956,2018,,,,,35000.0,34400.0,55418000.0,206400.0,0.5
2957,2018,,,,,2600.0,2600.0,7028000.0,12220.0,0.5
2958,2018,,,,,10600.0,9600.0,25582000.0,74400.0,0.5
2959,2018,,,,,1900.0,1900.0,4983000.0,14725.0,0.5
2960,2018,,,,,5700.0,4900.0,8746000.0,23765.0,0.5
2961,2018,,,,,5100.0,5100.0,12913000.0,30600.0,0.5
2962,2018,,,,,29900.0,29900.0,412587000.0,261625.0,0.5
2963,2018,,,,,9300.0,9300.0,69690000.0,160000.0,0.5
2964,2018,,,,,29800.0,29800.0,73200000.0,165000.0,0.5
2965,2018,,,,,15700.0,15700.0,65080000.0,192000.0,0.5
2966,2018,,,,,863000.0,863000.0,6260348000.0,7130000.0,0.5
2967,2018,,,,,74000.0,74000.0,360910000.0,466000.0,0.5
2968,2018,,,,,8000.0,7900.0,69008000.0,45425.0,0.5
2969,2018,,,,,1900.0,1700.0,2385000.0,5100.0,0.5
2970,2018,,,,,29000.0,27600.0,58702000.0,69000.0,0.5
2971,2018,,,,,12200.0,11900.0,28025000.0,27965.0,0.5
2972,2018,,,,,9000.0,8800.0,9294000.0,40040.0,0.5
2973,2018,,,,,2700.0,2600.0,3123000.0,9360.0,0.5
2974,2018,,,,,3000.0,3000.0,3456000.0,9000.0,0.5
2975,2018,,,,,21000.0,18200.0,21520000.0,68250.0,0.5
2976,2018,,,,,2900.0,2800.0,4714000.0,10780.0,0.5
2977,2018,,,,,2900.0,2700.0,5986000.0,5940.0,0.5
2978,2018,,,,,28000.0,26300.0,34023000.0,105200.0,0.5
2979,2018,,,,,5600.0,4800.0,8020000.0,10800.0,0.5
2980,2018,,,,,11600.0,11500.0,23596000.0,71875.0,0.5
2981,2018,,,,,8000.0,7400.0,8057000.0,21830.0,0.5
2982,2018,,,,,7900.0,7100.0,10544000.0,13490.0,0.5
2983,2018,,,,,3000.0,2800.0,5723000.0,9800.0,0.5
2984,2018,,,,,3200.0,3200.0,7856000.0,12320.0,0.5
2985,2018,,,,,67000.0,63500.0,47877000.0,317500.0,0.5
2986,2018,,,,,12400.0,12400.0,75342000.0,192200.0,0.5
2987,2018,,,,,3900.0,3900.0,55566000.0,37800.0,0.5
2988,2018,,,,,7300.0,7300.0,34197000.0,40000.0,0.5
2989,2018,,,,,47000.0,47000.0,681564000.0,848000.0,0.5
2990,2018,,,,,75500.0,75200.0,890461000.0,1158550.0,0.5
2991,2018,,,,,213500.0,210400.0,1786564000.0,2867550.0,0.5
2992,2018,,,,,14000.0,14000.0,104626000.0,120500.0,0.5
2993,2018,,,,,41600.0,41000.0,240220000.0,922500.0,0.5
2994,2018,,,,,4100.0,2600.0,27261000.0,58500.0,0.5
2995,2018,,,,,11600.0,10800.0,110519000.0,140400.0,0.5
2996,2018,,,,,8500.0,8400.0,48668000.0,373800.0,0.5
2997,2018,,,,,7200.0,7100.0,79591000.0,209450.0,0.5
2998,2018,,,,,7800.0,7500.0,42752000.0,112500.0,0.5
2999,2018,,,,,19500.0,19300.0,100339000.0,774700.0,0.5
3000,2018,,,,,12500.0,11000.0,61380000.0,165000.0,0.5
3001,2018,,,,,22000.0,21900.0,176211000.0,865050.0,0.5
3002,2018,,,,,147000.0,147000.0,1093052000.0,1816000.0,0.5
3003,2018,,,,,361800.0,361800.0,701855000.0,2028000.0,0.5
3004,2018,,,,,8700.0,8700.0,35538000.0,80000.0,0.5
3005,2018,,,,,3500.0,3500.0,66066000.0,11050.0,0.5
3006,2018,,,,,44000.0,44000.0,168080000.0,88000.0,0.5
3007,2018,,,,,11500.0,11500.0,86109000.0,30000.0,0.5
3008,2018,,,,,800.0,800.0,5702000.0,5200.0,0.5
3009,2018,,,,,36000.0,36000.0,304213000.0,479000.0,0.5
3010,2018,,,,,2500.0,2500.0,28140000.0,15000.0,0.5
3011,2018,,,,,10000.0,10000.0,23868000.0,26000.0,0.5
3012,2018,,,,,2400.0,2400.0,12642000.0,12000.0,0.5
3013,2018,,,,,4100.0,4100.0,41048000.0,23000.0,0.5
3014,2018,,,,,3700.0,3700.0,20670000.0,17400.0,0.5
3015,2018,,,,,14000.0,14000.0,71546000.0,65800.0,0.5
3016,2018,,,,,2000.0,2000.0,9099000.0,13300.0,0.5
3017,2018,,,,,10700.0,10700.0,77344000.0,161500.0,0.5
3018,2018,,,,,15000.0,15000.0,140966000.0,246000.0,0.5
3019,2018,,,,,20600.0,20600.0,210630000.0,398000.0,0.5
3020,2018,,,,,4400.0,4000.0,2477000.0,8400.0,0.5
3021,2018,,,,,52000.0,45800.0,17306000.0,66410.0,0.5
3022,2018,,,,,6900.0,6700.0,3351000.0,12395.0,0.5
3023,2018,,,,,19800.0,18900.0,7190000.0,28350.0,0.5
3024,2018,,,,,33000.0,32400.0,22766000.0,89100.0,0.5
3025,2018,,,,,24900.0,23300.0,11811000.0,48930.0,0.5
3026,2018,,,,,15000.0,15000.0,92570000.0,107500.0,0.5
3027,2018,,,,,500.0,500.0,4802000.0,7000.0,0.5
3028,2018,,,,,5200.0,4800.0,24499000.0,52800.0,0.5
3029,2018,,,,,38500.0,38300.0,221508000.0,772850.0,0.5
3030,2018,,,,,21000.0,21000.0,183372000.0,388500.0,0.5
3031,2018,,,,,55300.0,55000.0,216786000.0,1086100.0,0.5
3032,2018,,,,,6500.0,5800.0,38895000.0,40600.0,0.5
3033,2018,,,,,22000.0,20800.0,89846000.0,275600.0,0.5
3034,2018,,,,,315000.0,315000.0,1027688000.0,7087500.0,0.5
3035,2018,,,,,7700.0,7600.0,25679000.0,142500.0,0.5
3036,2018,,,,,3300.0,3300.0,13395000.0,70950.0,0.5
3037,2018,,,,,8500.0,8300.0,44000000.0,110000.0,0.5
3038,2018,,,,,49000.0,48500.0,166889000.0,751750.0,0.5
3039,2018,,,,,2200.0,2000.0,5967000.0,25500.0,0.5
3040,2018,,,,,50000.0,48000.0,191520000.0,912000.0,0.5
3041,2018,,,,,44000.0,43500.0,180316000.0,935250.0,0.5
3042,2018,,,,,27000.0,26000.0,81900000.0,227500.0,0.5
3043,2018,,,,,7800.0,7400.0,18981000.0,83250.0,0.5
3044,2018,,,,,11100.0,11100.0,50117000.0,194250.0,0.5
3045,2018,,,,,19500.0,19300.0,100978000.0,463200.0,0.5
3046,2018,,,,,2000.0,2000.0,4722000.0,26500.0,0.5
3047,2018,,,,,14300.0,13400.0,47409000.0,194300.0,0.5
3048,2018,,,,,82000.0,78500.0,261562000.0,549500.0,0.5
3049,2018,,,,,13000.0,12200.0,28511000.0,115900.0,0.5
3050,2018,,,,,74500.0,73000.0,226099000.0,1186250.0,0.5
3051,2018,,,,,45000.0,45000.0,201690000.0,1350000.0,0.5
3052,2018,,,,,18000.0,17500.0,93719000.0,371900.0,0.5
3053,2018,,,,,4800.0,4400.0,16544000.0,51700.0,0.5
3054,2018,,,,,160000.0,160000.0,788256000.0,5040000.0,0.5
3055,2018,,,,,69000.0,67000.0,284918000.0,1356750.0,0.5
3056,2018,,,,,5000.0,4900.0,27592000.0,67375.0,0.5
3057,2018,,,,,12000.0,11000.0,13751000.0,258500.0,0.5
3058,2018,,,,,5800.0,5500.0,16971000.0,63250.0,0.5
3059,2018,,,,,5700.0,5400.0,14947000.0,51300.0,0.5
3060,2018,,,,,1700.0,1400.0,12369000.0,21350.0,0.5
3061,2018,,,,,2100.0,1700.0,4178000.0,5525.0,0.5
3062,2018,,,,,6600.0,5700.0,8037000.0,23370.0,0.5
3063,2018,,,,,2900.0,2300.0,6609000.0,12650.0,0.5
3064,2018,,,,,4000.0,3700.0,11024000.0,33300.0,0.5
3065,2018,,,,,2600.0,2500.0,9781000.0,33750.0,0.5
3066,2018,,,,,7300.0,5700.0,13852000.0,32775.0,0.5
3067,2018,,,,,1700.0,1600.0,2264000.0,5840.0,0.5
3068,2018,,,,,5400.0,4900.0,24069000.0,80850.0,0.5
3069,2018,,,,,5800.0,5200.0,15366000.0,53300.0,0.5
3070,2018,,,,,2800.0,2400.0,11844000.0,15000.0,0.5
3071,2018,,,,,4100.0,3700.0,2791000.0,12210.0,0.5
3072,2018,,,,,7400.0,7400.0,331088000.0,71500.0,0.5
3073,2018,,,,,9500.0,9500.0,35913000.0,37900.0,0.5
3074,2018,,,,,11400.0,11100.0,83783000.0,94350.0,0.5
3075,2018,,,,,44900.0,44200.0,316699000.0,276250.0,0.5
3076,2018,,,,,2200.0,2000.0,5230000.0,11500.0,0.5
3077,2018,,,,,3000.0,2800.0,6138000.0,16100.0,0.5
3078,2018,,,,,6900.0,6700.0,30973000.0,51925.0,0.5
3079,2018,,,,,9000.0,8700.0,37072000.0,95700.0,0.5
3080,2018,,,,,4100.0,3500.0,8387000.0,16275.0,0.5
3081,2018,,,,,5200.0,4900.0,24174000.0,40425.0,0.5
3082,2018,,,,,3800.0,3500.0,18306000.0,30625.0,0.5
3083,2018,,,,,4300.0,4300.0,13194000.0,66650.0,0.5
3084,2018,,,,,1900.0,1500.0,3481000.0,4425.0,0.5
3085,2018,,,,,35300.0,35300.0,2086077000.0,1164900.0,0.5
3086,2018,,,,,9800.0,9800.0,281750000.0,122500.0,0.5
3087,2018,,,,,700.0,700.0,6229000.0,1540.0,0.5
3088,2018,,,,,1000.0,1000.0,21375000.0,6250.0,0.5
3089,2018,,,,,1100.0,1100.0,11687000.0,5500.0,0.5
3090,2018,,,,,820.0,820.0,9167000.0,4305.0,0.5
3091,2018,,,,,34000.0,33800.0,175828000.0,304200.0,0.5
3092,2018,,,,,11400.0,11200.0,16633000.0,75600.0,0.5
3093,2018,,,,,42000.0,39700.0,142920000.0,238200.0,0.5
3094,2018,,,,,30000.0,29000.0,111684000.0,217500.0,0.5
3095,2018,,,,,4100.0,3900.0,12163000.0,17550.0,0.5
3096,2018,,,,,15000.0,14600.0,13763000.0,91250.0,0.5
3097,2018,,,,,4500.0,4100.0,8959000.0,19475.0,0.5
3098,2018,,,,,8300.0,8100.0,13994000.0,48600.0,0.5
3099,2018,,,,,9700.0,9100.0,19256000.0,41860.0,0.5
3100,2018,,,,,114400.0,110600.0,81899000.0,774200.0,0.5
3101,2018,,,,,6500.0,6400.0,13868000.0,27840.0,0.5
3102,2018,,,,,30600.0,26600.0,36257000.0,139650.0,0.5
3103,2018,,,,,9800.0,9100.0,23342000.0,43225.0,0.5
3104,2018,,,,,29000.0,28900.0,44492000.0,296225.0,0.5
3105,2018,,,,,13000.0,10600.0,24745000.0,30210.0,0.5
3106,2018,,,,,74000.0,72000.0,84080000.0,828000.0,0.5
3107,2018,,,,,59300.0,56400.0,40181000.0,479400.0,0.5
3108,2018,,,,,62000.0,62000.0,556024000.0,768000.0,0.5
3109,2018,,,,,9300.0,9300.0,19952000.0,36000.0,0.5
3110,2018,,,,,266000.0,260600.0,1197642000.0,12769400.0,0.5
3111,2018,,,,,29000.0,27000.0,344131000.0,378000.0,0.5
3112,2018,,,,,7800.0,7600.0,31530000.0,247000.0,0.5
3113,2018,,,,,5200.0,5000.0,35352000.0,137500.0,0.5
3114,2018,,,,,4200.0,4100.0,42411000.0,47150.0,0.5
3115,2018,,,,,3500.0,3000.0,33845000.0,43500.0,0.5
3116,2018,,,,,5500.0,5400.0,52173000.0,140400.0,0.5
3117,2018,,,,,3300.0,3200.0,44881000.0,57600.0,0.5
3118,2018,,,,,4200.0,4000.0,54176000.0,62000.0,0.5
3119,2018,,,,,2100.0,2000.0,27774000.0,21000.0,0.5
3120,2018,,,,,12000.0,11900.0,116369000.0,321300.0,0.5
3121,2018,,,,,3900.0,3800.0,11286000.0,51300.0,0.5
3122,2018,,,,,22600.0,22500.0,160866000.0,405000.0,0.5
3123,2018,,,,,23000.0,20600.0,76438000.0,267800.0,0.5
3124,2018,,,,,6600.0,6500.0,27915000.0,152750.0,0.5
3125,2018,,,,,3700.0,3500.0,10395000.0,52500.0,0.5
3126,2018,,,,,7700.0,7300.0,22314000.0,91250.0,0.5
3127,2018,,,,,4500.0,4300.0,17174000.0,49450.0,0.5
3128,2018,,,,,24000.0,23000.0,143387000.0,391000.0,0.5
3129,2019,,,,,160000.0,158000.0,97921000.0,264650.0,0.5
3130,2019,,,,,19000.0,19000.0,68229000.0,18050.0,0.5
3131,2019,,,,,34000.0,33000.0,33977000.0,85800.0,0.5
3132,2019,,,,,1180000.0,1180000.0,6094440000.0,1275000.0,0.5
3133,2019,,,,,365000.0,365000.0,1286410000.0,653000.0,0.5
3134,2019,,,,,289000.0,289000.0,1938800000.0,370000.0,0.5
3135,2019,,,,,165000.0,155000.0,118978000.0,294500.0,0.5
3136,2019,,,,,129000.0,129000.0,137240000.0,36500.0,0.5
3137,2019,,,,,670000.0,660000.0,532224000.0,1386000.0,0.5
3138,2019,,,,,16900.0,16900.0,48840000.0,20350.0,0.5
3139,2019,,,,,20000.0,19000.0,14136000.0,38000.0,0.5
3140,2019,,,,,45000.0,45000.0,165064000.0,43900.0,0.5
3141,2019,,,,,4700.0,4700.0,4255000.0,7543.5,0.5
3142,2019,,,,,104000.0,102000.0,98945000.0,221850.0,0.5
3143,2019,,,,,90000.0,90000.0,26966000.0,10600.0,0.5
3144,2019,,,,,15000.0,14000.0,13489000.0,28700.0,0.5
3145,2019,,,,,50000.0,50000.0,84480000.0,49000.0,0.5
3146,2019,,,,,65000.0,62000.0,46649000.0,117800.0,0.5
3147,2019,,,,,112000.0,112000.0,73500000.0,18750.0,0.5
3148,2019,,,,,165000.0,160000.0,144832000.0,248000.0,0.5
3149,2019,,,,,25000.0,24000.0,24178000.0,55200.0,0.5
3150,2019,,,,,37500.0,37500.0,130218000.0,167500.0,0.5
3151,2019,,,,,12700.0,12700.0,72911000.0,152500.0,0.5
3152,2019,,,,,31000.0,31000.0,258604000.0,473000.0,0.5
3153,2019,,,,,44000.0,44000.0,276199000.0,660000.0,0.5
3154,2019,,,,,5000.0,5000.0,38746000.0,75000.0,0.5
3155,2019,,,,,19500.0,19500.0,106299000.0,253500.0,0.5
3156,2019,,,,,9500.0,9500.0,34566000.0,95000.0,0.5
3157,2019,,,,,172000.0,172000.0,1958900000.0,3800000.0,0.5
3158,2019,,,,,8600.0,8600.0,40444000.0,43900.0,0.5
3159,2019,,,,,1000.0,1000.0,10948000.0,7400.0,0.5
3160,2019,,,,,7200.0,7200.0,78624000.0,50400.0,0.5
3161,2019,,,,,5300.0,5200.0,36764000.0,9100.0,0.5
3162,2019,,,,,10000.0,9400.0,25607000.0,14100.0,0.5
3163,2019,,,,,2100.0,2000.0,16302000.0,3200.0,0.5
3164,2019,,,,,4500.0,4100.0,21242000.0,11275.0,0.5
3165,2019,,,,,46100.0,46100.0,374960000.0,109000.0,0.5
3166,2019,,,,,6000.0,6000.0,23813400.0,25800.0,0.5
3167,2019,,,,,820.0,820.0,2009000.0,820.0,0.5
3168,2019,,,,,15100.0,15000.0,181400000.0,270000.0,0.5
3169,2019,,,,,12200.0,11800.0,234968000.0,174050.0,0.5
3170,2019,,,,,3700.0,3600.0,54467000.0,55800.0,0.5
3171,2019,,,,,2200.0,2100.0,19674000.0,26775.0,0.5
3172,2019,,,,,3600.0,3500.0,45854000.0,52500.0,0.5
3173,2019,,,,,2400.0,2300.0,21297000.0,27600.0,0.5
3174,2019,,,,,7300.0,7300.0,204460000.0,36850.0,0.5
3175,2019,,,,,5100.0,5100.0,62309000.0,12100.0,0.5
3176,2019,,,,,21700.0,21700.0,133058000.0,47950.0,0.5
3177,2019,,,,,19500.0,19500.0,26028000.0,27200.0,0.5
3178,2019,,,,,20600.0,20600.0,75258000.0,42450.0,0.5
3179,2019,,,,,9300.0,9300.0,85303000.0,23650.0,0.5
3180,2019,,,,,8700.0,8700.0,60811000.0,18100.0,0.5
3181,2019,,,,,13300.0,13300.0,134254000.0,77750.0,0.5
3182,2019,,,,,16700.0,16700.0,153224000.0,81500.0,0.5
3183,2019,,,,,11900.0,11900.0,86275000.0,74375.0,0.5
3184,2019,,,,,100000.0,99700.0,786354000.0,797600.0,0.5
3185,2019,,,,,14800.0,14500.0,212237000.0,297250.0,0.5
3186,2019,,,,,8500.0,8200.0,58394000.0,147600.0,0.5
3187,2019,,,,,5000.0,4800.0,30723000.0,96000.0,0.5
3188,2019,,,,,4600.0,4500.0,18684000.0,76500.0,0.5
3189,2019,,,,,12000.0,11700.0,82430000.0,222300.0,0.5
3190,2019,,,,,5300.0,5000.0,15598000.0,66250.0,0.5
3191,2019,,,,,14000.0,14000.0,80640000.0,157500.0,0.5
3192,2019,,,,,33000.0,32800.0,192700000.0,410000.0,0.5
3193,2019,,,,,2400.0,2300.0,8179000.0,24150.0,0.5
3194,2019,,,,,4100.0,4000.0,21868000.0,44000.0,0.5
3195,2019,,,,,70200.0,69900.0,827126000.0,2166900.0,0.5
3196,2019,,,,,6500.0,6400.0,29415000.0,243200.0,0.5
3197,2019,,,,,3600.0,3300.0,6977000.0,80025.0,0.5
3198,2019,,,,,6700.0,6700.0,99549000.0,56950.0,0.5
3199,2019,,,,,39000.0,38800.0,366330000.0,446200.0,0.5
3200,2019,,,,,28200.0,28100.0,474711000.0,786800.0,0.5
3201,2019,,,,,34000.0,34000.0,190983000.0,58100.0,0.5
3202,2019,,,,,25600.0,25600.0,22534000.0,85000.0,0.5
3203,2019,,,,,1600.0,1600.0,738000.0,2150.0,0.5
3204,2019,,,,,13000.0,13000.0,75221000.0,57200.0,0.5
3205,2019,,,,,3000.0,3000.0,6661000.0,27000.0,0.5
3206,2019,,,,,42300.0,42300.0,398457000.0,251300.0,0.5
3207,2019,,,,,1600.0,1600.0,934000.0,4550.0,0.5
3208,2019,,,,,1500.0,1500.0,13703000.0,19125.0,0.5
3209,2019,,,,,9100.0,8700.0,50008000.0,63075.0,0.5
3210,2019,,,,,12300.0,12300.0,58991000.0,108000.0,0.5
3211,2019,,,,,2700.0,2700.0,14496000.0,26450.0,0.5
3212,2019,,,,,2700.0,2700.0,14851000.0,27900.0,0.5
3213,2019,,,,,20800.0,20800.0,136505000.0,233500.0,0.5
3214,2019,,,,,6800.0,6800.0,30133000.0,54400.0,0.5
3215,2019,,,,,23000.0,23000.0,89277000.0,172500.0,0.5
3216,2019,,,,,9200.0,9100.0,46172000.0,91000.0,0.5
3217,2019,,,,,40000.0,39600.0,70560000.0,297000.0,0.5
3218,2019,,,,,11500.0,11400.0,25478000.0,82650.0,0.5
3219,2019,,,,,27000.0,27000.0,327277000.0,209250.0,0.5
3220,2019,,,,,9000.0,9000.0,55956000.0,164000.0,0.5
3221,2019,,,,,24700.0,24700.0,85385000.0,192000.0,0.5
3222,2019,,,,,16000.0,16000.0,65200000.0,244000.0,0.5
3223,2019,,,,,860000.0,860000.0,5411688000.0,6480000.0,0.5
3224,2019,,,,,75000.0,75000.0,308070000.0,391000.0,0.5
3225,2019,,,,,7600.0,7500.0,47766000.0,35625.0,0.5
3226,2019,,,,,27000.0,26200.0,68866000.0,87770.0,0.5
3227,2019,,,,,11000.0,10200.0,27647000.0,30600.0,0.5
3228,2019,,,,,13000.0,11700.0,11588000.0,43290.0,0.5
3229,2019,,,,,18600.0,17600.0,25611000.0,80080.0,0.5
3230,2019,,,,,3500.0,3400.0,6675000.0,16150.0,0.5
3231,2019,,,,,31000.0,30200.0,38259000.0,107210.0,0.5
3232,2019,,,,,12200.0,12200.0,26202000.0,91500.0,0.5
3233,2019,,,,,7500.0,7200.0,8612000.0,24480.0,0.5
3234,2019,,,,,65000.0,63500.0,42254000.0,311150.0,0.5
3235,2019,,,,,11100.0,11100.0,59157000.0,141525.0,0.5
3236,2019,,,,,4400.0,4400.0,85999000.0,51500.0,0.5
3237,2019,,,,,7300.0,7300.0,41706000.0,54000.0,0.5
3238,2019,,,,,47000.0,47000.0,644002000.0,948000.0,0.5
3239,2019,,,,,71300.0,71000.0,1666964000.0,1131825.0,0.5
3240,2019,,,,,191300.0,188700.0,1824435000.0,2934125.0,0.5
3241,2019,,,,,15500.0,15500.0,129300000.0,134000.0,0.5
3242,2019,,,,,43700.0,43500.0,294676000.0,913500.0,0.5
3243,2019,,,,,3200.0,2700.0,18531000.0,57375.0,0.5
3244,2019,,,,,9800.0,9500.0,144181000.0,152000.0,0.5
3245,2019,,,,,11000.0,10900.0,65815000.0,446900.0,0.5
3246,2019,,,,,6600.0,6600.0,102620000.0,199650.0,0.5
3247,2019,,,,,7100.0,7000.0,36140000.0,112000.0,0.5
3248,2019,,,,,20500.0,20300.0,108409000.0,746050.0,0.5
3249,2019,,,,,10500.0,9000.0,51038000.0,150750.0,0.5
3250,2019,,,,,20000.0,19900.0,180576000.0,716400.0,0.5
3251,2019,,,,,147000.0,147000.0,670529000.0,2056000.0,0.5
3252,2019,,,,,354100.0,354100.0,1009273000.0,3233000.0,0.5
3253,2019,,,,,8800.0,8800.0,24597000.0,106000.0,0.5
3254,2019,,,,,3900.0,3900.0,86279000.0,13100.0,0.5
3255,2019,,,,,44000.0,44000.0,136187000.0,91100.0,0.5
3256,2019,,,,,11500.0,11500.0,137499000.0,48300.0,0.5
3257,2019,,,,,690.0,690.0,4943000.0,5875.0,0.5
3258,2019,,,,,36200.0,36200.0,296021000.0,498000.0,0.5
3259,2019,,,,,2500.0,2500.0,30647000.0,14300.0,0.5
3260,2019,,,,,8500.0,8500.0,37776000.0,39100.0,0.5
3261,2019,,,,,2400.0,2400.0,5313000.0,4800.0,0.5
3262,2019,,,,,3900.0,3900.0,25657000.0,19500.0,0.5
3263,2019,,,,,3800.0,3800.0,24368000.0,19750.0,0.5
3264,2019,,,,,15000.0,15000.0,85898000.0,75000.0,0.5
3265,2019,,,,,2100.0,2100.0,13196000.0,11150.0,0.5
3266,2019,,,,,10000.0,10000.0,61317000.0,163000.0,0.5
3267,2019,,,,,15000.0,15000.0,108774000.0,236000.0,0.5
3268,2019,,,,,20400.0,20400.0,145054000.0,330000.0,0.5
3269,2019,,,,,54000.0,51800.0,19473000.0,72520.0,0.5
3270,2019,,,,,18500.0,17500.0,6896000.0,29750.0,0.5
3271,2019,,,,,34000.0,32300.0,30157000.0,95285.0,0.5
3272,2019,,,,,28000.0,26500.0,11272000.0,54325.0,0.5
3273,2019,,,,,21500.0,21500.0,189236000.0,408500.0,0.5
3274,2019,,,,,42000.0,41800.0,308777000.0,930050.0,0.5
3275,2019,,,,,51300.0,51100.0,209487000.0,960950.0,0.5
3276,2019,,,,,27000.0,26200.0,159872000.0,353700.0,0.5
3277,2019,,,,,310000.0,308000.0,1100869000.0,6545000.0,0.5
3278,2019,,,,,52000.0,51500.0,176831000.0,811150.0,0.5
3279,2019,,,,,49000.0,46500.0,225298000.0,988150.0,0.5
3280,2019,,,,,46000.0,44000.0,185812000.0,902000.0,0.5
3281,2019,,,,,28000.0,27500.0,75021000.0,213125.0,0.5
3282,2019,,,,,20000.0,19700.0,104962000.0,472800.0,0.5
3283,2019,,,,,98000.0,97700.0,323868000.0,977000.0,0.5
3284,2019,,,,,73000.0,58000.0,207060000.0,1015000.0,0.5
3285,2019,,,,,45000.0,44900.0,198889000.0,1257200.0,0.5
3286,2019,,,,,18000.0,17500.0,87360000.0,341250.0,0.5
3287,2019,,,,,165000.0,165000.0,845625000.0,5156250.0,0.5
3288,2019,,,,,70000.0,68000.0,327352000.0,1411000.0,0.5
3289,2019,,,,,4800.0,4700.0,22754000.0,59925.0,0.5
3290,2019,,,,,13100.0,10900.0,17085000.0,209825.0,0.5
3291,2019,,,,,5200.0,5000.0,16982000.0,61250.0,0.5
3292,2019,,,,,5800.0,5400.0,12909000.0,40500.0,0.5
3293,2019,,,,,6600.0,5700.0,8635000.0,20520.0,0.5
3294,2019,,,,,3400.0,3100.0,10991000.0,35650.0,0.5
3295,2019,,,,,3700.0,3500.0,9911000.0,21875.0,0.5
3296,2019,,,,,2000.0,1900.0,5147000.0,29925.0,0.5
3297,2019,,,,,7200.0,6300.0,16777000.0,33075.0,0.5
3298,2019,,,,,5700.0,5600.0,16427000.0,46200.0,0.5
3299,2019,,,,,2900.0,2600.0,15544000.0,22100.0,0.5
3300,2019,,,,,7500.0,7500.0,386303000.0,71750.0,0.5
3301,2019,,,,,9200.0,9200.0,46011000.0,41250.0,0.5
3302,2019,,,,,50800.0,50100.0,388741000.0,350700.0,0.5
3303,2019,,,,,2000.0,1900.0,6658000.0,11400.0,0.5
3304,2019,,,,,7400.0,7300.0,58339000.0,73000.0,0.5
3305,2019,,,,,7900.0,7700.0,35412000.0,40425.0,0.5
3306,2019,,,,,3800.0,3700.0,16343000.0,22200.0,0.5
3307,2019,,,,,8900.0,8600.0,40502000.0,86000.0,0.5
3308,2019,,,,,3500.0,3200.0,13706000.0,14400.0,0.5
3309,2019,,,,,5400.0,5200.0,27226000.0,36400.0,0.5
3310,2019,,,,,4600.0,4400.0,20311000.0,28600.0,0.5
3311,2019,,,,,3500.0,3400.0,8122000.0,55250.0,0.5
3312,2019,,,,,35400.0,35400.0,2221320000.0,1025000.0,0.5
3313,2019,,,,,9400.0,9400.0,307200000.0,101000.0,0.5
3314,2019,,,,,34000.0,33600.0,172368000.0,302400.0,0.5
3315,2019,,,,,42000.0,41000.0,140883000.0,235750.0,0.5
3316,2019,,,,,28000.0,26900.0,75042000.0,161400.0,0.5
3317,2019,,,,,17000.0,15500.0,15532000.0,120125.0,0.5
3318,2019,,,,,103000.0,99100.0,50431000.0,693700.0,0.5
3319,2019,,,,,28000.0,26500.0,40422000.0,172250.0,0.5
3320,2019,,,,,24000.0,23700.0,38103000.0,242925.0,0.5
3321,2019,,,,,77000.0,75000.0,85806000.0,787500.0,0.5
3322,2019,,,,,53400.0,49400.0,33470000.0,432250.0,0.5
3323,2019,,,,,64000.0,64000.0,735564000.0,1060000.0,0.5
3324,2019,,,,,8300.0,8300.0,21625000.0,47000.0,0.5
3325,2019,,,,,255000.0,247700.0,1174395000.0,11579975.0,0.5
3326,2019,,,,,27000.0,26000.0,425912000.0,390000.0,0.5
3327,2019,,,,,5000.0,5000.0,34593000.0,126250.0,0.5
3328,2019,,,,,10300.0,10200.0,105060000.0,255000.0,0.5
3329,2019,,,,,25500.0,24500.0,161539000.0,453250.0,0.5
3330,2019,,,,,22000.0,21100.0,101216000.0,411450.0,0.5
3331,2019,,,,,6500.0,6100.0,35294000.0,115900.0,0.5
3332,2019,,,,,7800.0,7400.0,23998000.0,85100.0,0.5
3333,2019,,,,,5000.0,4500.0,16022000.0,72000.0,0.5
3334,2019,,,,,24000.0,23000.0,83202000.0,333500.0,0.5
